artist,art_daily_tr_freq,art_daily_utr_freq,art_daily_dur,art_daily_score
Jean-Luc Ponty,0/0/0/0/0/0/0/1/0/0/0/0/0/0/0/0/0/0/0/0/0/0/0/0/0/0/0/0/0/0/0,0/0/0/0/0/0/0/1/0/0/0/0/0/0/0/0/0/0/0/0/0/0/0/0/0/0/0/0/0/0/0,0/0/0/0/0/0/0/3.14/0/0/0/0/0/0/0/0/0/0/0/0/0/0/0/0/0/0/0/0/0/0/0,0/0/0/0/0/0/0/9/0/0/0/0/0/0/0/0/0/0/0/0/0/0/0/0/0/0/0/0/0/0/0
Van Der Graaf Generator,0/1/8/7/8/6/0/7/4/10/9/7/7/3/0/0/0/7/12/7/3/0/0/0/0/1/1/0/0/0/0,0/1/7/6/6/5/0/7/4/8/9/7/7/3/0/0/0/7/12/7/3/0/0/0/0/1/1/0/0/0/0,0/8.3/91.82/73.82/88.41/77.86/0/82.75/56.17/83.62/96.82/62.13/57.15/45.01/0/0/0/49.3/83.7/37.23/30.57/0/0/0/0/8.3/10.38/0/0/0/0,0/11/76/65/71/59/0/71/45/84/88/67/66/35/0/0/0/64/106/62/32/0/0/0/0/11/12/0/0/0/0
Talk Talk,0/0/0/0/0/0/0/0/0/0/0/0/0/0/0/0/0/0/0/0/0/1/3/0/0/0/0/0/0/0/0,0/0/0/0/0/0/0/0/0/0/0/0/0/0/0/0/0/0/0/0/0/1/3/0/0/0/0/0/0/0/0,0/0/0/0/0/0/0/0/0/0/0/0/0/0/0/0/0/0/0/0/0/5.04/16.85/0/0/0/0/0/0/0/0,0/0/0/0/0/0/0/0/0/0/0/0/0/0/0/0/0/0/0/0/0/10/28/0/0/0/0/0/0/0/0
Le Trio Joubran,0/0/0/0/0/0/0/0/0/0/0/0/0/0/0/0/0/0/0/0/0/1/0/0/0/0/0/0/0/0/0,0/0/0/0/0/0/0/0/0/0/0/0/0/0/0/0/0/0/0/0/0/1/0/0/0/0/0/0/0/0/0,0/0/0/0/0/0/0/0/0/0/0/0/0/0/0/0/0/0/0/0/0/4.95/0/0/0/0/0/0/0/0/0,0/0/0/0/0/0/0/0/0/0/0/0/0/0/0/0/0/0/0/0/0/10/0/0/0/0/0/0/0/0/0
Gary Numan,0/0/0/0/0/0/0/0/0/0/0/0/0/0/0/0/0/0/0/0/0/0/2/12/15/1/0/2/7/2/1,0/0/0/0/0/0/0/0/0/0/0/0/0/0/0/0/0/0/0/0/0/0/2/11/14/1/0/2/7/2/1,0/0/0/0/0/0/0/0/0/0/0/0/0/0/0/0/0/0/0/0/0/0/8.34/48.59/57.72/3.55/0/7.53/37.41/8.82/3.98,0/0/0/0/0/0/0/0/0/0/0/0/0/0/0/0/0/0/0/0/0/0/18/95/118/9/0/18/62/19/10
Lucio Battisti,0/0/0/0/0/1/0/1/0/1/0/0/0/0/0/0/0/0/0/0/0/0/0/0/0/0/0/0/0/0/0,0/0/0/0/0/1/0/1/0/1/0/0/0/0/0/0/0/0/0/0/0/0/0/0/0/0/0/0/0/0/0,0/0/0/0/0/3.12/0/4.2/0/4.86/0/0/0/0/0/0/0/0/0/0/0/0/0/0/0/0/0/0/0/0/0,0/0/0/0/0/9/0/10/0/10/0/0/0/0/0/0/0/0/0/0/0/0/0/0/0/0/0/0/0/0/0
Pentangle,0/1/0/0/0/0/0/0/0/0/0/0/0/0/0/0/0/0/0/0/0/0/0/0/0/0/0/0/0/0/0,0/1/0/0/0/0/0/0/0/0/0/0/0/0/0/0/0/0/0/0/0/0/0/0/0/0/0/0/0/0/0,0/3.24/0/0/0/0/0/0/0/0/0/0/0/0/0/0/0/0/0/0/0/0/0/0/0/0/0/0/0/0/0,0/9/0/0/0/0/0/0/0/0/0/0/0/0/0/0/0/0/0/0/0/0/0/0/0/0/0/0/0/0/0
Grateful Dead,0/0/0/0/2/5/1/1/0/1/0/0/0/0/0/0/0/0/0/0/0/0/0/0/0/0/0/0/0/0/0,0/0/0/0/2/4/1/1/0/1/0/0/0/0/0/0/0/0/0/0/0/0/0/0/0/0/0/0/0/0/0,0/0/0/0/11.31/25.44/3.32/5.32/0/2.21/0/0/0/0/0/0/0/0/0/0/0/0/0/0/0/0/0/0/0/0/0,0/0/0/0/19/41/9/10/0/9/0/0/0/0/0/0/0/0/0/0/0/0/0/0/0/0/0/0/0/0/0
John Coltrane,0/0/0/0/0/0/0/0/0/0/0/0/0/0/4/3/0/0/0/0/0/0/0/0/0/0/0/0/0/0/0,0/0/0/0/0/0/0/0/0/0/0/0/0/0/4/3/0/0/0/0/0/0/0/0/0/0/0/0/0/0/0,0/0/0/0/0/0/0/0/0/0/0/0/0/0/32.77/24.11/0/0/0/0/0/0/0/0/0/0/0/0/0/0/0,0/0/0/0/0/0/0/0/0/0/0/0/0/0/40/30/0/0/0/0/0/0/0/0/0/0/0/0/0/0/0
America,0/0/0/0/1/1/0/0/0/0/0/0/0/0/0/0/0/0/0/0/1/0/0/0/0/0/0/0/0/0/0,0/0/0/0/1/1/0/0/0/0/0/0/0/0/0/0/0/0/0/0/1/0/0/0/0/0/0/0/0/0/0,0/0/0/0/4.2/4.2/0/0/0/0/0/0/0/0/0/0/0/0/0/0/4.2/0/0/0/0/0/0/0/0/0/0,0/0/0/0/10/10/0/0/0/0/0/0/0/0/0/0/0/0/0/0/10/0/0/0/0/0/0/0/0/0/0
Soft Machine,0/1/0/0/0/0/0/0/0/0/0/0/0/0/0/0/0/0/0/0/0/0/0/0/0/0/0/0/0/0/0,0/1/0/0/0/0/0/0/0/0/0/0/0/0/0/0/0/0/0/0/0/0/0/0/0/0/0/0/0/0/0,0/19.12/0/0/0/0/0/0/0/0/0/0/0/0/0/0/0/0/0/0/0/0/0/0/0/0/0/0/0/0/0,0/15/0/0/0/0/0/0/0/0/0/0/0/0/0/0/0/0/0/0/0/0/0/0/0/0/0/0/0/0/0
The Byrds,1/0/0/0/0/0/0/0/0/0/0/0/0/0/0/0/0/0/0/0/0/0/0/0/0/0/0/0/0/0/0,1/0/0/0/0/0/0/0/0/0/0/0/0/0/0/0/0/0/0/0/0/0/0/0/0/0/0/0/0/0/0,3.35/0/0/0/0/0/0/0/0/0/0/0/0/0/0/0/0/0/0/0/0/0/0/0/0/0/0/0/0/0/0,9/0/0/0/0/0/0/0/0/0/0/0/0/0/0/0/0/0/0/0/0/0/0/0/0/0/0/0/0/0/0
Tigran Hamasyan,0/0/0/0/0/0/0/0/0/0/0/0/0/0/0/0/0/0/0/0/0/1/0/0/0/0/0/0/0/0/0,0/0/0/0/0/0/0/0/0/0/0/0/0/0/0/0/0/0/0/0/0/1/0/0/0/0/0/0/0/0/0,0/0/0/0/0/0/0/0/0/0/0/0/0/0/0/0/0/0/0/0/0/4.29/0/0/0/0/0/0/0/0/0,0/0/0/0/0/0/0/0/0/0/0/0/0/0/0/0/0/0/0/0/0/10/0/0/0/0/0/0/0/0/0
Dizzy Gillespie,0/0/0/0/0/0/0/0/0/0/0/0/0/0/0/0/0/0/0/0/0/1/0/0/0/0/0/0/0/0/0,0/0/0/0/0/0/0/0/0/0/0/0/0/0/0/0/0/0/0/0/0/1/0/0/0/0/0/0/0/0/0,0/0/0/0/0/0/0/0/0/0/0/0/0/0/0/0/0/0/0/0/0/1.89/0/0/0/0/0/0/0/0/0,0/0/0/0/0/0/0/0/0/0/0/0/0/0/0/0/0/0/0/0/0/9/0/0/0/0/0/0/0/0/0
Simple Minds,0/0/0/0/0/0/0/0/0/0/0/0/0/0/0/0/0/0/0/0/0/0/1/1/0/0/0/1/0/0/0,0/0/0/0/0/0/0/0/0/0/0/0/0/0/0/0/0/0/0/0/0/0/1/1/0/0/0/1/0/0/0,0/0/0/0/0/0/0/0/0/0/0/0/0/0/0/0/0/0/0/0/0/0/3.86/5.86/0/0/0/5.86/0/0/0,0/0/0/0/0/0/0/0/0/0/0/0/0/0/0/0/0/0/0/0/0/0/10/10/0/0/0/10/0/0/0
Pixies,0/0/0/0/0/1/0/0/0/0/0/0/0/0/0/0/0/0/0/0/0/0/0/0/0/0/0/0/0/0/0,0/0/0/0/0/1/0/0/0/0/0/0/0/0/0/0/0/0/0/0/0/0/0/0/0/0/0/0/0/0/0,0/0/0/0/0/2.92/0/0/0/0/0/0/0/0/0/0/0/0/0/0/0/0/0/0/0/0/0/0/0/0/0,0/0/0/0/0/9/0/0/0/0/0/0/0/0/0/0/0/0/0/0/0/0/0/0/0/0/0/0/0/0/0
Franco Battiato,2/5/3/3/5/8/3/0/14/12/0/17/3/1/1/13/2/2/0/0/1/9/2/12/30/28/1/0/5/0/0,2/5/3/3/5/8/3/0/14/12/0/16/3/1/1/12/2/2/0/0/1/9/2/12/28/25/1/0/5/0/0,8.07/23.8/18.67/13.95/18.4/31.68/13.0/0/50.08/46.27/0/68.27/14.92/3.57/4.89/55.67/8.43/7.06/0/0/4.28/34.64/7.08/48.49/147.87/108.16/3.57/0/18.61/0/0,18/44/29/27/43/67/27/0/113/99/0/134/28/9/10/104/18/18/0/0/10/75/18/99/235/211/9/0/43/0/0
Led Zeppelin,0/2/0/0/0/1/0/0/1/0/0/0/0/0/0/0/0/0/0/0/0/0/0/0/0/0/0/0/0/0/0,0/2/0/0/0/1/0/0/1/0/0/0/0/0/0/0/0/0/0/0/0/0/0/0/0/0/0/0/0/0/0,0/15.84/0/0/0/6.32/0/0/7.04/0/0/0/0/0/0/0/0/0/0/0/0/0/0/0/0/0/0/0/0/0/0,0/21/0/0/0/11/0/0/11/0/0/0/0/0/0/0/0/0/0/0/0/0/0/0/0/0/0/0/0/0/0
Jimi Hendrix,0/0/0/0/1/0/0/0/0/0/0/0/0/0/0/0/0/0/0/0/0/0/0/0/0/0/0/0/0/0/0,0/0/0/0/1/0/0/0/0/0/0/0/0/0/0/0/0/0/0/0/0/0/0/0/0/0/0/0/0/0/0,0/0/0/0/7.79/0/0/0/0/0/0/0/0/0/0/0/0/0/0/0/0/0/0/0/0/0/0/0/0/0/0,0/0/0/0/11/0/0/0/0/0/0/0/0/0/0/0/0/0/0/0/0/0/0/0/0/0/0/0/0/0/0
The Police,0/0/0/0/0/0/0/0/0/0/0/0/0/0/0/0/0/0/0/0/0/0/0/1/1/1/0/1/0/0/0,0/0/0/0/0/0/0/0/0/0/0/0/0/0/0/0/0/0/0/0/0/0/0/1/1/1/0/1/0/0/0,0/0/0/0/0/0/0/0/0/0/0/0/0/0/0/0/0/0/0/0/0/0/0/2.44/2.44/2.44/0/2.44/0/0/0,0/0/0/0/0/0/0/0/0/0/0/0/0/0/0/0/0/0/0/0/0/0/0/9/9/9/0/9/0/0/0
Propaganda,0/0/0/0/0/0/0/0/0/0/0/0/0/0/0/0/0/0/0/0/0/0/0/0/0/0/0/0/0/1/0,0/0/0/0/0/0/0/0/0/0/0/0/0/0/0/0/0/0/0/0/0/0/0/0/0/0/0/0/0/1/0,0/0/0/0/0/0/0/0/0/0/0/0/0/0/0/0/0/0/0/0/0/0/0/0/0/0/0/0/0/5.23/0,0/0/0/0/0/0/0/0/0/0/0/0/0/0/0/0/0/0/0/0/0/0/0/0/0/0/0/0/0/10/0
The Kinks,0/2/0/1/1/2/1/2/0/0/0/0/0/0/0/0/0/0/0/1/0/0/0/0/0/0/1/0/0/0/0,0/2/0/1/1/2/1/2/0/0/0/0/0/0/0/0/0/0/0/1/0/0/0/0/0/0/1/0/0/0/0,0/8.37/0/5.34/3.01/6.49/3.01/8.58/0/0/0/0/0/0/0/0/0/0/0/3.01/0/0/0/0/0/0/5.34/0/0/0/0,0/18/0/10/9/18/9/19/0/0/0/0/0/0/0/0/0/0/0/9/0/0/0/0/0/0/10/0/0/0/0
Tubeway Army,0/0/0/0/0/0/0/0/0/0/0/0/0/0/0/0/0/0/0/0/0/0/0/0/0/0/0/3/7/0/0,0/0/0/0/0/0/0/0/0/0/0/0/0/0/0/0/0/0/0/0/0/0/0/0/0/0/0/2/7/0/0,0/0/0/0/0/0/0/0/0/0/0/0/0/0/0/0/0/0/0/0/0/0/0/0/0/0/0/14.16/28.7/0/0,0/0/0/0/0/0/0/0/0/0/0/0/0/0/0/0/0/0/0/0/0/0/0/0/0/0/0/23/59/0/0
Lynyrd Skynyrd,0/0/0/0/1/1/0/0/0/0/0/0/0/0/0/0/0/0/0/0/0/1/0/0/0/0/0/0/0/0/0,0/0/0/0/1/1/0/0/0/0/0/0/0/0/0/0/0/0/0/0/0/1/0/0/0/0/0/0/0/0/0,0/0/0/0/9.12/9.12/0/0/0/0/0/0/0/0/0/0/0/0/0/0/0/9.12/0/0/0/0/0/0/0/0/0,0/0/0/0/12/12/0/0/0/0/0/0/0/0/0/0/0/0/0/0/0/12/0/0/0/0/0/0/0/0/0
Angelo Branduardi,0/0/0/0/1/3/0/0/0/0/0/0/0/0/0/0/0/0/0/2/2/0/0/0/0/0/0/0/0/0/0,0/0/0/0/1/3/0/0/0/0/0/0/0/0/0/0/0/0/0/2/2/0/0/0/0/0/0/0/0/0/0,0/0/0/0/4.74/11.38/0/0/0/0/0/0/0/0/0/0/0/0/0/7.24/7.96/0/0/0/0/0/0/0/0/0/0,0/0/0/0/10/26/0/0/0/0/0/0/0/0/0/0/0/0/0/18/18/0/0/0/0/0/0/0/0/0/0
The Alan Parsons Project,0/0/0/0/0/1/0/0/0/0/0/0/0/0/0/0/0/0/1/0/0/0/0/0/0/0/0/0/0/0/0,0/0/0/0/0/1/0/0/0/0/0/0/0/0/0/0/0/0/1/0/0/0/0/0/0/0/0/0/0/0/0,0/0/0/0/0/3.97/0/0/0/0/0/0/0/0/0/0/0/0/3.97/0/0/0/0/0/0/0/0/0/0/0/0,0/0/0/0/0/10/0/0/0/0/0/0/0/0/0/0/0/0/10/0/0/0/0/0/0/0/0/0/0/0/0
Wang Chung,0/0/0/0/0/0/0/0/0/0/0/0/0/0/0/0/0/0/0/0/0/0/1/0/0/0/0/0/0/1/0,0/0/0/0/0/0/0/0/0/0/0/0/0/0/0/0/0/0/0/0/0/0/1/0/0/0/0/0/0/1/0,0/0/0/0/0/0/0/0/0/0/0/0/0/0/0/0/0/0/0/0/0/0/4.38/0/0/0/0/0/0/4.38/0,0/0/0/0/0/0/0/0/0/0/0/0/0/0/0/0/0/0/0/0/0/0/10/0/0/0/0/0/0/10/0
King Crimson,3/5/4/2/3/3/1/1/8/3/0/0/9/4/8/1/4/5/1/0/0/1/2/3/2/2/2/3/0/2/0,3/5/4/2/3/3/1/1/8/3/0/0/9/4/8/1/4/5/1/0/0/1/2/2/2/2/2/3/0/2/0,30.25/26.53/26.98/12.46/36.39/13.47/7.32/4.03/41.12/26.43/0/0/39.7/21.7/34.44/4.88/16.06/32.91/6.45/0/0/6.44/10.9/13.66/9.53/8.64/11.06/17.01/0/6.67/0,32/45/38/20/33/27/11/10/69/31/0/0/76/37/68/10/35/47/11/0/0/11/19/23/19/19/19/28/0/18/0
Violeta Parra,0/0/0/0/1/1/0/0/0/0/0/0/0/0/0/0/0/0/0/0/0/0/0/0/0/0/0/0/0/0/0,0/0/0/0/1/1/0/0/0/0/0/0/0/0/0/0/0/0/0/0/0/0/0/0/0/0/0/0/0/0/0,0/0/0/0/3.23/3.23/0/0/0/0/0/0/0/0/0/0/0/0/0/0/0/0/0/0/0/0/0/0/0/0/0,0/0/0/0/9/9/0/0/0/0/0/0/0/0/0/0/0/0/0/0/0/0/0/0/0/0/0/0/0/0/0
Neil Young,0/0/0/0/1/1/0/0/0/0/0/0/0/0/0/0/0/0/0/0/0/0/0/0/0/0/0/0/0/0/0,0/0/0/0/1/1/0/0/0/0/0/0/0/0/0/0/0/0/0/0/0/0/0/0/0/0/0/0/0/0/0,0/0/0/0/2.56/3.32/0/0/0/0/0/0/0/0/0/0/0/0/0/0/0/0/0/0/0/0/0/0/0/0/0,0/0/0/0/9/9/0/0/0/0/0/0/0/0/0/0/0/0/0/0/0/0/0/0/0/0/0/0/0/0/0
Steven Wilson,0/0/0/0/1/1/0/0/0/0/0/4/0/0/0/0/0/0/1/0/1/0/0/0/0/0/0/0/0/0/0,0/0/0/0/1/1/0/0/0/0/0/4/0/0/0/0/0/0/1/0/1/0/0/0/0/0/0/0/0/0/0,0/0/0/0/7.95/7.95/0/0/0/0/0/35.08/0/0/0/0/0/0/3.0/0/7.95/0/0/0/0/0/0/0/0/0/0,0/0/0/0/11/11/0/0/0/0/0/40/0/0/0/0/0/0/9/0/11/0/0/0/0/0/0/0/0/0/0
The Trashmen,0/0/0/0/1/0/0/0/0/0/0/0/0/0/0/0/0/0/0/0/0/0/0/0/0/0/0/0/0/0/0,0/0/0/0/1/0/0/0/0/0/0/0/0/0/0/0/0/0/0/0/0/0/0/0/0/0/0/0/0/0/0,0/0/0/0/2.29/0/0/0/0/0/0/0/0/0/0/0/0/0/0/0/0/0/0/0/0/0/0/0/0/0/0,0/0/0/0/9/0/0/0/0/0/0/0/0/0/0/0/0/0/0/0/0/0/0/0/0/0/0/0/0/0/0
Porcupine Tree,0/0/0/0/1/0/0/0/0/0/0/0/0/0/0/0/0/0/0/0/0/0/0/0/0/0/0/0/0/0/0,0/0/0/0/1/0/0/0/0/0/0/0/0/0/0/0/0/0/0/0/0/0/0/0/0/0/0/0/0/0/0,0/0/0/0/3.86/0/0/0/0/0/0/0/0/0/0/0/0/0/0/0/0/0/0/0/0/0/0/0/0/0/0,0/0/0/0/10/0/0/0/0/0/0/0/0/0/0/0/0/0/0/0/0/0/0/0/0/0/0/0/0/0/0
Angine de Poitrine,0/0/0/0/0/0/0/0/0/2/0/0/0/0/0/0/0/0/0/0/0/0/0/0/0/0/0/0/0/0/0,0/0/0/0/0/0/0/0/0/2/0/0/0/0/0/0/0/0/0/0/0/0/0/0/0/0/0/0/0/0/0,0/0/0/0/0/0/0/0/0/9.8/0/0/0/0/0/0/0/0/0/0/0/0/0/0/0/0/0/0/0/0/0,0/0/0/0/0/0/0/0/0/19/0/0/0/0/0/0/0/0/0/0/0/0/0/0/0/0/0/0/0/0/0
R.E.M.,0/0/0/0/0/2/0/0/0/0/0/0/0/0/0/0/0/0/0/0/0/0/1/0/0/0/0/0/0/0/0,0/0/0/0/0/2/0/0/0/0/0/0/0/0/0/0/0/0/0/0/0/0/1/0/0/0/0/0/0/0/0,0/0/0/0/0/8.39/0/0/0/0/0/0/0/0/0/0/0/0/0/0/0/0/3.86/0/0/0/0/0/0/0/0,0/0/0/0/0/18/0/0/0/0/0/0/0/0/0/0/0/0/0/0/0/0/10/0/0/0/0/0/0/0/0
Billy Cobham,0/0/0/0/1/1/0/0/0/0/0/0/0/0/0/0/0/0/0/0/0/0/0/0/0/0/0/0/0/0/0,0/0/0/0/1/1/0/0/0/0/0/0/0/0/0/0/0/0/0/0/0/0/0/0/0/0/0/0/0/0/0,0/0/0/0/5.17/5.17/0/0/0/0/0/0/0/0/0/0/0/0/0/0/0/0/0/0/0/0/0/0/0/0/0,0/0/0/0/10/10/0/0/0/0/0/0/0/0/0/0/0/0/0/0/0/0/0/0/0/0/0/0/0/0/0
Fleetwood Mac,0/0/0/0/2/2/1/1/0/0/0/0/0/0/0/0/0/0/0/0/0/0/0/0/0/0/18/0/0/0/0,0/0/0/0/2/2/1/1/0/0/0/0/0/0/0/0/0/0/0/0/0/0/0/0/0/0/18/0/0/0/0,0/0/0/0/6.67/5.23/3.5/3.37/0/0/0/0/0/0/0/0/0/0/0/0/0/0/0/0/0/0/65.27/0/0/0/0,0/0/0/0/18/17/9/9/0/0/0/0/0/0/0/0/0/0/0/0/0/0/0/0/0/0/145/0/0/0/0
"Anderson, Squire, Howe",0/1/2/3/0/0/0/0/0/0/0/0/0/0/0/0/0/0/0/0/0/0/0/0/0/1/0/0/0/0/0,0/1/1/1/0/0/0/0/0/0/0/0/0/0/0/0/0/0/0/0/0/0/0/0/0/1/0/0/0/0/0,0/12.37/24.74/37.11/0/0/0/0/0/0/0/0/0/0/0/0/0/0/0/0/0/0/0/0/0/12.37/0/0/0/0/0,0/13/19/26/0/0/0/0/0/0/0/0/0/0/0/0/0/0/0/0/0/0/0/0/0/13/0/0/0/0/0
The Beatles,0/0/0/0/5/5/3/2/0/2/0/0/0/0/0/1/0/0/0/1/1/0/0/0/0/0/0/0/0/0/0,0/0/0/0/5/4/3/2/0/2/0/0/0/0/0/1/0/0/0/1/1/0/0/0/0/0/0/0/0/0/0,0/0/0/0/15.36/11.21/8.12/6.76/0/5.94/0/0/0/0/0/3.55/0/0/0/3.19/2.85/0/0/0/0/0/0/0/0/0/0,0/0/0/0/42/36/25/18/0/17/0/0/0/0/0/9/0/0/0/9/9/0/0/0/0/0/0/0/0/0/0
Logos,1/1/2/0/0/0/0/0/0/0/0/0/0/0/0/0/0/0/0/0/0/0/0/0/0/0/0/0/0/0/0,1/1/1/0/0/0/0/0/0/0/0/0/0/0/0/0/0/0/0/0/0/0/0/0/0/0/0/0/0/0/0,11.46/11.46/22.92/0/0/0/0/0/0/0/0/0/0/0/0/0/0/0/0/0/0/0/0/0/0/0/0/0/0/0/0,13/13/19/0/0/0/0/0/0/0/0/0/0/0/0/0/0/0/0/0/0/0/0/0/0/0/0/0/0/0/0
Avishai Cohen,0/0/0/0/0/0/0/0/0/0/0/0/0/0/0/0/0/0/0/0/0/2/0/0/0/0/0/0/0/0/0,0/0/0/0/0/0/0/0/0/0/0/0/0/0/0/0/0/0/0/0/0/2/0/0/0/0/0/0/0/0/0,0/0/0/0/0/0/0/0/0/0/0/0/0/0/0/0/0/0/0/0/0/11.2/0/0/0/0/0/0/0/0/0,0/0/0/0/0/0/0/0/0/0/0/0/0/0/0/0/0/0/0/0/0/19/0/0/0/0/0/0/0/0/0
Louis Armstrong,0/0/0/0/0/0/0/1/0/0/0/0/0/0/0/0/0/0/0/0/0/0/0/0/0/0/0/0/0/0/0,0/0/0/0/0/0/0/1/0/0/0/0/0/0/0/0/0/0/0/0/0/0/0/0/0/0/0/0/0/0/0,0/0/0/0/0/0/0/5.05/0/0/0/0/0/0/0/0/0/0/0/0/0/0/0/0/0/0/0/0/0/0/0,0/0/0/0/0/0/0/10/0/0/0/0/0/0/0/0/0/0/0/0/0/0/0/0/0/0/0/0/0/0/0
Victor Jara,0/0/0/0/0/2/0/0/0/0/0/0/0/0/0/0/0/0/0/0/0/0/0/0/0/0/0/0/0/0/0,0/0/0/0/0/2/0/0/0/0/0/0/0/0/0/0/0/0/0/0/0/0/0/0/0/0/0/0/0/0/0,0/0/0/0/0/6.28/0/0/0/0/0/0/0/0/0/0/0/0/0/0/0/0/0/0/0/0/0/0/0/0/0,0/0/0/0/0/18/0/0/0/0/0/0/0/0/0/0/0/0/0/0/0/0/0/0/0/0/0/0/0/0/0
East Of Eden,0/1/1/0/0/0/0/0/0/0/0/0/0/0/0/0/0/0/0/0/0/0/0/0/0/1/0/0/0/0/0,0/1/1/0/0/0/0/0/0/0/0/0/0/0/0/0/0/0/0/0/0/0/0/0/0/1/0/0/0/0/0,0/6.26/8.51/0/0/0/0/0/0/0/0/0/0/0/0/0/0/0/0/0/0/0/0/0/0/6.26/0/0/0/0/0,0/11/11/0/0/0/0/0/0/0/0/0/0/0/0/0/0/0/0/0/0/0/0/0/0/11/0/0/0/0/0
Jethro Tull,0/1/0/0/1/0/0/0/0/0/0/0/0/0/0/0/0/0/0/0/0/0/0/0/0/0/0/0/0/0/0,0/1/0/0/1/0/0/0/0/0/0/0/0/0/0/0/0/0/0/0/0/0/0/0/0/0/0/0/0/0/0,0/3.79/0/0/3.62/0/0/0/0/0/0/0/0/0/0/0/0/0/0/0/0/0/0/0/0/0/0/0/0/0/0,0/10/0/0/9/0/0/0/0/0/0/0/0/0/0/0/0/0/0/0/0/0/0/0/0/0/0/0/0/0/0
Bob Dylan,0/0/0/0/0/0/1/1/0/0/0/0/0/0/0/1/0/0/0/0/0/0/0/0/0/0/0/0/0/0/0,0/0/0/0/0/0/1/1/0/0/0/0/0/0/0/1/0/0/0/0/0/0/0/0/0/0/0/0/0/0/0,0/0/0/0/0/0/4.46/4.46/0/0/0/0/0/0/0/4.46/0/0/0/0/0/0/0/0/0/0/0/0/0/0/0,0/0/0/0/0/0/10/10/0/0/0/0/0/0/0/10/0/0/0/0/0/0/0/0/0/0/0/0/0/0/0
Talking Heads,0/0/0/0/1/1/0/0/0/2/0/0/0/0/0/0/0/0/1/0/0/1/5/3/0/1/0/2/0/0/0,0/0/0/0/1/1/0/0/0/2/0/0/0/0/0/0/0/0/1/0/0/1/4/3/0/1/0/2/0/0/0,0/0/0/0/3.51/3.51/0/0/0/7.52/0/0/0/0/0/0/0/0/3.51/0/0/5.28/18.69/12.84/0/4.17/0/9.78/0/0/0,0/0/0/0/9/9/0/0/0/18/0/0/0/0/0/0/0/0/9/0/0/10/39/27/0/10/0/19/0/0/0
La coscienza di Zeno,1/0/0/1/0/0/0/0/0/0/0/0/0/0/0/1/0/0/0/0/0/0/0/0/0/0/1/0/0/0/0,1/0/0/1/0/0/0/0/0/0/0/0/0/0/0/1/0/0/0/0/0/0/0/0/0/0/1/0/0/0/0,5.38/0/0/5.2/0/0/0/0/0/0/0/0/0/0/0/7.39/0/0/0/0/0/0/0/0/0/0/5.2/0/0/0/0,10/0/0/10/0/0/0/0/0/0/0/0/0/0/0/11/0/0/0/0/0/0/0/0/0/0/10/0/0/0/0
Claudio Lolli,0/0/0/0/0/0/0/0/0/0/0/1/0/0/0/0/0/0/0/0/0/0/0/0/0/0/0/0/0/0/0,0/0/0/0/0/0/0/0/0/0/0/1/0/0/0/0/0/0/0/0/0/0/0/0/0/0/0/0/0/0/0,0/0/0/0/0/0/0/0/0/0/0/6.91/0/0/0/0/0/0/0/0/0/0/0/0/0/0/0/0/0/0/0,0/0/0/0/0/0/0/0/0/0/0/11/0/0/0/0/0/0/0/0/0/0/0/0/0/0/0/0/0/0/0
Radiohead,0/0/0/0/0/1/0/0/0/0/0/0/0/0/0/0/0/0/0/0/0/0/0/0/0/0/0/0/0/0/0,0/0/0/0/0/1/0/0/0/0/0/0/0/0/0/0/0/0/0/0/0/0/0/0/0/0/0/0/0/0/0,0/0/0/0/0/3.21/0/0/0/0/0/0/0/0/0/0/0/0/0/0/0/0/0/0/0/0/0/0/0/0/0,0/0/0/0/0/9/0/0/0/0/0/0/0/0/0/0/0/0/0/0/0/0/0/0/0/0/0/0/0/0/0
Premiata Forneria Marconi,4/4/5/2/4/0/0/0/0/3/0/2/0/0/5/22/10/4/11/0/0/1/0/0/0/2/1/0/0/2/0,4/4/4/1/3/0/0/0/0/3/0/2/0/0/5/22/9/3/11/0/0/1/0/0/0/2/1/0/0/2/0,20.28/20.69/26.62/8.06/17.72/0/0/0/0/16.35/0/10.16/0/0/24.9/96.72/52.04/17.03/47.59/0/0/5.4/0/0/0/8.56/6.02/0/0/10.26/0,36/36/41/14/31/0/0/0/0/28/0/19/0/0/44/179/82/31/92/0/0/10/0/0/0/18/11/0/0/19/0
DEVO,0/0/0/0/0/0/0/0/0/0/0/0/0/0/0/0/0/0/0/0/0/0/2/6/1/1/1/1/0/0/0,0/0/0/0/0/0/0/0/0/0/0/0/0/0/0/0/0/0/0/0/0/0/1/6/1/1/1/1/0/0/0,0/0/0/0/0/0/0/0/0/0/0/0/0/0/0/0/0/0/0/0/0/0/6.9/14.09/2.64/2.64/3.45/2.64/0/0/0,0/0/0/0/0/0/0/0/0/0/0/0/0/0/0/0/0/0/0/0/0/0/14/48/9/9/9/9/0/0/0
Los Lobos,0/0/0/0/0/0/0/5/0/0/0/0/0/0/0/0/0/0/0/0/0/0/0/0/0/0/0/0/0/0/0,0/0/0/0/0/0/0/5/0/0/0/0/0/0/0/0/0/0/0/0/0/0/0/0/0/0/0/0/0/0/0,0/0/0/0/0/0/0/16.15/0/0/0/0/0/0/0/0/0/0/0/0/0/0/0/0/0/0/0/0/0/0/0,0/0/0/0/0/0/0/42/0/0/0/0/0/0/0/0/0/0/0/0/0/0/0/0/0/0/0/0/0/0/0
Genesis,0/0/0/0/2/2/1/4/0/1/3/0/0/0/0/0/0/0/1/0/0/0/0/0/0/0/0/0/0/0/0,0/0/0/0/2/1/1/4/0/1/3/0/0/0/0/0/0/0/1/0/0/0/0/0/0/0/0/0/0/0/0,0/0/0/0/8.09/6.46/3.23/18.97/0/23.1/21.7/0/0/0/0/0/0/0/8.01/0/0/0/0/0/0/0/0/0/0/0/0,0/0/0/0/18/14/9/36/0/16/30/0/0/0/0/0/0/0/11/0/0/0/0/0/0/0/0/0/0/0/0
The Boomtown Rats,0/0/0/0/0/1/0/0/0/0/0/0/0/0/0/0/0/0/0/0/0/1/0/0/0/0/0/0/0/0/0,0/0/0/0/0/1/0/0/0/0/0/0/0/0/0/0/0/0/0/0/0/1/0/0/0/0/0/0/0/0/0,0/0/0/0/0/5.06/0/0/0/0/0/0/0/0/0/0/0/0/0/0/0/5.06/0/0/0/0/0/0/0/0/0,0/0/0/0/0/10/0/0/0/0/0/0/0/0/0/0/0/0/0/0/0/10/0/0/0/0/0/0/0/0/0
Orchestral Manoeuvres In The Dark,0/0/0/0/0/0/0/0/0/0/0/0/0/0/0/0/0/0/0/0/0/0/1/0/0/0/0/0/0/0/0,0/0/0/0/0/0/0/0/0/0/0/0/0/0/0/0/0/0/0/0/0/0/1/0/0/0/0/0/0/0/0,0/0/0/0/0/0/0/0/0/0/0/0/0/0/0/0/0/0/0/0/0/0/3.18/0/0/0/0/0/0/0/0,0/0/0/0/0/0/0/0/0/0/0/0/0/0/0/0/0/0/0/0/0/0/9/0/0/0/0/0/0/0/0
Red Hot Chili Peppers,0/0/0/0/0/1/0/0/0/0/0/0/0/0/0/0/0/0/0/0/0/0/0/0/0/0/0/0/0/0/0,0/0/0/0/0/1/0/0/0/0/0/0/0/0/0/0/0/0/0/0/0/0/0/0/0/0/0/0/0/0/0,0/0/0/0/0/1.79/0/0/0/0/0/0/0/0/0/0/0/0/0/0/0/0/0/0/0/0/0/0/0/0/0,0/0/0/0/0/9/0/0/0/0/0/0/0/0/0/0/0/0/0/0/0/0/0/0/0/0/0/0/0/0/0
Traffic,1/2/0/1/0/1/0/0/0/1/0/0/0/0/0/0/0/0/0/0/0/0/0/0/0/0/1/0/0/0/0,1/2/0/1/0/1/0/0/0/1/0/0/0/0/0/0/0/0/0/0/0/0/0/0/0/0/1/0/0/0/0,4.58/16.61/0/4.58/0/2.7/0/0/0/11.04/0/0/0/0/0/0/0/0/0/0/0/0/0/0/0/0/4.58/0/0/0/0,10/21/0/10/0/9/0/0/0/12/0/0/0/0/0/0/0/0/0/0/0/0/0/0/0/0/10/0/0/0/0
Jimmy Giuffre,0/0/0/0/2/1/0/0/0/0/0/0/0/0/0/0/0/0/0/0/0/0/0/0/0/0/0/0/0/0/0,0/0/0/0/2/1/0/0/0/0/0/0/0/0/0/0/0/0/0/0/0/0/0/0/0/0/0/0/0/0/0,0/0/0/0/5.21/2.45/0/0/0/0/0/0/0/0/0/0/0/0/0/0/0/0/0/0/0/0/0/0/0/0/0,0/0/0/0/17/9/0/0/0/0/0/0/0/0/0/0/0/0/0/0/0/0/0/0/0/0/0/0/0/0/0
The Pretty Things,0/1/0/1/0/0/0/0/0/0/0/0/0/0/0/0/0/0/0/0/0/0/0/0/0/0/0/0/0/0/0,0/1/0/1/0/0/0/0/0/0/0/0/0/0/0/0/0/0/0/0/0/0/0/0/0/0/0/0/0/0/0,0/3.51/0/3.51/0/0/0/0/0/0/0/0/0/0/0/0/0/0/0/0/0/0/0/0/0/0/0/0/0/0/0,0/9/0/9/0/0/0/0/0/0/0/0/0/0/0/0/0/0/0/0/0/0/0/0/0/0/0/0/0/0/0
Charlie Parker,0/0/0/0/0/1/0/0/0/0/0/0/0/0/0/0/0/0/0/0/0/0/0/0/0/0/0/0/0/0/0,0/0/0/0/0/1/0/0/0/0/0/0/0/0/0/0/0/0/0/0/0/0/0/0/0/0/0/0/0/0/0,0/0/0/0/0/3.03/0/0/0/0/0/0/0/0/0/0/0/0/0/0/0/0/0/0/0/0/0/0/0/0/0,0/0/0/0/0/9/0/0/0/0/0/0/0/0/0/0/0/0/0/0/0/0/0/0/0/0/0/0/0/0/0
The Who,0/1/0/1/1/0/1/0/0/0/0/0/0/1/0/0/0/0/0/0/1/0/0/0/0/0/0/0/0/0/0,0/1/0/1/1/0/1/0/0/0/0/0/0/1/0/0/0/0/0/0/1/0/0/0/0/0/0/0/0/0/0,0/5.65/0/5.65/5.65/0/2.46/0/0/0/0/0/0/5.65/0/0/0/0/0/0/2.46/0/0/0/0/0/0/0/0/0/0,0/10/0/10/10/0/9/0/0/0/0/0/0/10/0/0/0/0/0/0/9/0/0/0/0/0/0/0/0/0/0
Kraan,0/0/1/1/0/0/0/0/0/0/0/0/0/0/0/0/0/0/0/0/0/0/0/0/0/0/0/0/0/0/0,0/0/1/1/0/0/0/0/0/0/0/0/0/0/0/0/0/0/0/0/0/0/0/0/0/0/0/0/0/0/0,0/0/3.81/3.81/0/0/0/0/0/0/0/0/0/0/0/0/0/0/0/0/0/0/0/0/0/0/0/0/0/0/0,0/0/10/10/0/0/0/0/0/0/0/0/0/0/0/0/0/0/0/0/0/0/0/0/0/0/0/0/0/0/0
PJ Harvey,0/0/0/0/0/0/0/1/0/0/0/0/0/0/0/0/0/0/0/0/0/0/0/0/0/0/0/0/0/0/0,0/0/0/0/0/0/0/1/0/0/0/0/0/0/0/0/0/0/0/0/0/0/0/0/0/0/0/0/0/0/0,0/0/0/0/0/0/0/4.02/0/0/0/0/0/0/0/0/0/0/0/0/0/0/0/0/0/0/0/0/0/0/0,0/0/0/0/0/0/0/10/0/0/0/0/0/0/0/0/0/0/0/0/0/0/0/0/0/0/0/0/0/0/0
Pearl Jam,0/0/0/0/1/1/0/0/0/0/0/0/0/0/0/1/0/0/0/0/0/0/0/0/0/0/0/0/0/0/0,0/0/0/0/1/1/0/0/0/0/0/0/0/0/0/1/0/0/0/0/0/0/0/0/0/0/0/0/0/0/0,0/0/0/0/4.25/2.79/0/0/0/0/0/0/0/0/0/2.79/0/0/0/0/0/0/0/0/0/0/0/0/0/0/0,0/0/0/0/10/9/0/0/0/0/0/0/0/0/0/9/0/0/0/0/0/0/0/0/0/0/0/0/0/0/0
Rabih Abou-Khalil,0/0/0/0/0/0/0/0/0/0/0/0/0/0/0/0/0/0/0/0/0/2/0/0/0/0/0/0/0/0/0,0/0/0/0/0/0/0/0/0/0/0/0/0/0/0/0/0/0/0/0/0/2/0/0/0/0/0/0/0/0/0,0/0/0/0/0/0/0/0/0/0/0/0/0/0/0/0/0/0/0/0/0/16.68/0/0/0/0/0/0/0/0/0,0/0/0/0/0/0/0/0/0/0/0/0/0/0/0/0/0/0/0/0/0/21/0/0/0/0/0/0/0/0/0
Eurythmics,0/0/0/0/0/0/0/0/0/0/0/0/0/0/0/0/0/0/0/0/0/0/1/0/0/0/0/0/0/0/0,0/0/0/0/0/0/0/0/0/0/0/0/0/0/0/0/0/0/0/0/0/0/1/0/0/0/0/0/0/0/0,0/0/0/0/0/0/0/0/0/0/0/0/0/0/0/0/0/0/0/0/0/0/3.75/0/0/0/0/0/0/0/0,0/0/0/0/0/0/0/0/0/0/0/0/0/0/0/0/0/0/0/0/0/0/10/0/0/0/0/0/0/0/0
The Durutti Column,0/0/0/0/0/0/0/1/0/0/0/0/0/0/0/0/0/0/0/0/0/0/0/0/0/0/0/0/0/0/0,0/0/0/0/0/0/0/1/0/0/0/0/0/0/0/0/0/0/0/0/0/0/0/0/0/0/0/0/0/0/0,0/0/0/0/0/0/0/2.97/0/0/0/0/0/0/0/0/0/0/0/0/0/0/0/0/0/0/0/0/0/0/0,0/0/0/0/0/0/0/9/0/0/0/0/0/0/0/0/0/0/0/0/0/0/0/0/0/0/0/0/0/0/0
The Rolling Stones,0/0/0/0/5/4/1/3/0/2/0/11/3/10/0/2/1/0/0/0/0/0/0/0/0/0/0/0/0/0/0,0/0/0/0/5/4/1/3/0/2/0/11/3/10/0/2/1/0/0/0/0/0/0/0/0/0/0/0/0/0/0,0/0/0/0/19.77/14.06/3.08/10.28/0/8.02/0/39.79/11.08/38.21/0/8.79/3.15/0/0/0/0/0/0/0/0/0/0/0/0/0/0,0/0/0/0/43/34/9/26/0/18/0/90/26/83/0/19/9/0/0/0/0/0/0/0/0/0/0/0/0/0/0
Camel,1/2/0/2/1/1/0/0/0/0/0/0/0/0/0/0/0/0/0/0/0/0/0/0/0/0/0/0/0/0/0,1/2/0/1/1/1/0/0/0/0/0/0/0/0/0/0/0/0/0/0/0/0/0/0/0/0/0/0/0/0/0,3.61/11.22/0/11.76/3.2/3.2/0/0/0/0/0/0/0/0/0/0/0/0/0/0/0/0/0/0/0/0/0/0/0/0/0,9/19/0/16/9/9/0/0/0/0/0/0/0/0/0/0/0/0/0/0/0/0/0/0/0/0/0/0/0/0/0
The Dandy Warhols,0/0/0/0/0/1/0/20/19/11/0/0/0/0/0/0/0/1/0/0/0/0/0/0/0/0/0/0/0/0/0,0/0/0/0/0/1/0/19/17/11/0/0/0/0/0/0/0/1/0/0/0/0/0/0/0/0/0/0/0/0/0,0/0/0/0/0/5.68/0/89.89/71.93/47.0/0/0/0/0/0/0/0/4.13/0/0/0/0/0/0/0/0/0/0/0/0/0,0/0/0/0/0/10/0/159/145/92/0/0/0/0/0/0/0/10/0/0/0/0/0/0/0/0/0/0/0/0/0
The Doors,0/0/0/0/0/1/0/0/0/0/0/0/0/0/0/0/0/0/0/0/0/0/0/0/0/0/0/0/0/0/0,0/0/0/0/0/1/0/0/0/0/0/0/0/0/0/0/0/0/0/0/0/0/0/0/0/0/0/0/0/0/0,0/0/0/0/0/4.98/0/0/0/0/0/0/0/0/0/0/0/0/0/0/0/0/0/0/0/0/0/0/0/0/0,0/0/0/0/0/10/0/0/0/0/0/0/0/0/0/0/0/0/0/0/0/0/0/0/0/0/0/0/0/0/0
Ozric Tentacles,0/0/0/0/0/0/0/0/0/0/0/0/0/0/0/0/0/0/0/0/0/4/0/0/0/0/0/0/0/0/0,0/0/0/0/0/0/0/0/0/0/0/0/0/0/0/0/0/0/0/0/0/4/0/0/0/0/0/0/0/0/0,0/0/0/0/0/0/0/0/0/0/0/0/0/0/0/0/0/0/0/0/0/28.44/0/0/0/0/0/0/0/0/0,0/0/0/0/0/0/0/0/0/0/0/0/0/0/0/0/0/0/0/0/0/38/0/0/0/0/0/0/0/0/0
Japan,0/0/0/0/0/0/0/0/0/0/0/0/0/0/0/0/0/0/0/0/0/0/1/0/0/1/0/0/0/0/0,0/0/0/0/0/0/0/0/0/0/0/0/0/0/0/0/0/0/0/0/0/0/1/0/0/1/0/0/0/0/0,0/0/0/0/0/0/0/0/0/0/0/0/0/0/0/0/0/0/0/0/0/0/7.15/0/0/4.82/0/0/0/0/0,0/0/0/0/0/0/0/0/0/0/0/0/0/0/0/0/0/0/0/0/0/0/11/0/0/10/0/0/0/0/0
Jefferson Airplane,0/0/0/0/1/0/0/0/0/0/0/0/0/0/0/0/0/0/0/1/0/0/0/0/0/0/0/0/0/0/0,0/0/0/0/1/0/0/0/0/0/0/0/0/0/0/0/0/0/0/1/0/0/0/0/0/0/0/0/0/0/0,0/0/0/0/2.51/0/0/0/0/0/0/0/0/0/0/0/0/0/0/2.51/0/0/0/0/0/0/0/0/0/0/0,0/0/0/0/9/0/0/0/0/0/0/0/0/0/0/0/0/0/0/9/0/0/0/0/0/0/0/0/0/0/0
New Trolls,0/0/0/0/0/0/0/0/0/0/0/0/0/0/0/0/0/0/0/0/0/1/0/0/0/0/0/0/0/0/0,0/0/0/0/0/0/0/0/0/0/0/0/0/0/0/0/0/0/0/0/0/1/0/0/0/0/0/0/0/0/0,0/0/0/0/0/0/0/0/0/0/0/0/0/0/0/0/0/0/0/0/0/2.4/0/0/0/0/0/0/0/0/0,0/0/0/0/0/0/0/0/0/0/0/0/0/0/0/0/0/0/0/0/0/9/0/0/0/0/0/0/0/0/0
Bad Company,0/0/0/0/1/1/0/0/0/0/0/0/0/0/0/0/0/0/0/0/0/0/0/0/0/0/0/0/0/0/0,0/0/0/0/1/1/0/0/0/0/0/0/0/0/0/0/0/0/0/0/0/0/0/0/0/0/0/0/0/0/0,0/0/0/0/4.77/4.77/0/0/0/0/0/0/0/0/0/0/0/0/0/0/0/0/0/0/0/0/0/0/0/0/0,0/0/0/0/10/10/0/0/0/0/0/0/0/0/0/0/0/0/0/0/0/0/0/0/0/0/0/0/0/0/0
Banco Del Mutuo Soccorso,6/0/3/2/3/5/3/1/0/1/0/0/0/0/13/0/0/0/1/0/0/0/0/0/0/1/1/0/0/1/0,6/0/2/2/3/4/3/1/0/1/0/0/0/0/13/0/0/0/1/0/0/0/0/0/0/1/1/0/0/1/0,44.77/0/39.79/23.02/27.28/22.26/13.65/5.63/0/6.25/0/0/0/0/69.83/0/0/0/2.65/0/0/0/0/0/0/6.37/4.61/0/0/5.33/0,56/0/30/23/31/40/27/10/0/11/0/0/0/0/111/0/0/0/9/0/0/0/0/0/0/11/10/0/0/10/0
Eric Clapton,0/0/0/0/0/1/0/1/0/0/0/0/0/0/0/0/0/0/0/0/0/0/0/0/0/0/0/0/0/0/0,0/0/0/0/0/1/0/1/0/0/0/0/0/0/0/0/0/0/0/0/0/0/0/0/0/0/0/0/0/0/0,0/0/0/0/0/3.42/0/3.44/0/0/0/0/0/0/0/0/0/0/0/0/0/0/0/0/0/0/0/0/0/0/0,0/0/0/0/0/9/0/9/0/0/0/0/0/0/0/0/0/0/0/0/0/0/0/0/0/0/0/0/0/0/0
Frank Zappa,0/0/0/0/1/2/0/0/0/0/0/0/0/0/0/1/0/0/0/0/0/0/0/0/0/0/0/0/0/0/0,0/0/0/0/1/2/0/0/0/0/0/0/0/0/0/1/0/0/0/0/0/0/0/0/0/0/0/0/0/0/0,0/0/0/0/2.12/4.34/0/0/0/0/0/0/0/0/0/2.12/0/0/0/0/0/0/0/0/0/0/0/0/0/0/0,0/0/0/0/9/17/0/0/0/0/0/0/0/0/0/9/0/0/0/0/0/0/0/0/0/0/0/0/0/0/0
Kajagoogoo,0/0/0/0/11/17/28/1/3/0/9/0/0/0/22/0/3/4/0/24/1/13/11/7/3/5/3/8/1/1/1,0/0/0/0/9/13/15/1/3/0/9/0/0/0/19/0/3/4/0/19/1/11/10/5/3/5/3/8/1/1/1,0/0/0/0/49.9/69.24/109.91/3.6/13.86/0/39.61/0/0/0/86.83/0/13.3/18.51/0/112.06/6.58/49.98/44.03/32.98/11.25/20.54/9.77/33.97/6.58/6.58/3.85,0/0/0/0/84/122/171/9/27/0/76/0/0/0/165/0/27/36/0/175/11/98/87/53/26/43/26/68/11/11/10
Ten Years After,0/0/0/0/1/1/0/1/0/0/0/0/0/0/0/0/0/0/0/0/0/0/0/0/0/0/0/0/0/0/0,0/0/0/0/1/1/0/1/0/0/0/0/0/0/0/0/0/0/0/0/0/0/0/0/0/0/0/0/0/0/0,0/0/0/0/0.98/0.98/0/3.19/0/0/0/0/0/0/0/0/0/0/0/0/0/0/0/0/0/0/0/0/0/0/0,0/0/0/0/8/8/0/9/0/0/0/0/0/0/0/0/0/0/0/0/0/0/0/0/0/0/0/0/0/0/0
Dhafer Youssef,0/0/0/0/0/0/1/0/0/0/0/0/0/0/0/0/0/0/0/0/0/0/0/0/0/0/0/0/0/0/0,0/0/0/0/0/0/1/0/0/0/0/0/0/0/0/0/0/0/0/0/0/0/0/0/0/0/0/0/0/0/0,0/0/0/0/0/0/3.08/0/0/0/0/0/0/0/0/0/0/0/0/0/0/0/0/0/0/0/0/0/0/0/0,0/0/0/0/0/0/9/0/0/0/0/0/0/0/0/0/0/0/0/0/0/0/0/0/0/0/0/0/0/0/0
Vangelis,0/1/2/1/0/0/0/0/0/0/0/0/0/0/0/0/0/0/0/0/0/0/0/0/0/0/0/0/0/0/0,0/1/2/1/0/0/0/0/0/0/0/0/0/0/0/0/0/0/0/0/0/0/0/0/0/0/0/0/0/0/0,0/5.74/13.9/5.74/0/0/0/0/0/0/0/0/0/0/0/0/0/0/0/0/0/0/0/0/0/0/0/0/0/0/0,0/10/20/10/0/0/0/0/0/0/0/0/0/0/0/0/0/0/0/0/0/0/0/0/0/0/0/0/0/0/0
New Order,0/0/0/2/0/0/0/1/0/0/0/0/0/0/0/0/0/0/0/3/0/3/13/8/2/3/2/3/17/14/4,0/0/0/2/0/0/0/1/0/0/0/0/0/0/0/0/0/0/0/3/0/3/12/6/2/3/2/3/16/12/2,0/0/0/10.11/0/0/0/7.49/0/0/0/0/0/0/0/0/0/0/0/20.15/0/11.52/86.84/62.68/17.65/23.3/13.02/24.26/85.89/72.34/23.86,0/0/0/19/0/0/0/11/0/0/0/0/0/0/0/0/0/0/0/29/0/27/110/66/21/30/20/30/138/110/29
Pink Floyd,0/0/0/0/2/2/0/0/0/1/0/0/0/0/0/0/0/0/1/0/1/0/0/0/0/0/0/0/0/0/0,0/0/0/0/1/2/0/0/0/1/0/0/0/0/0/0/0/0/1/0/1/0/0/0/0/0/0/0/0/0/0,0/0/0/0/9.94/16.41/0/0/0/4.97/0/0/0/0/0/0/0/0/4.97/0/4.97/0/0/0/0/0/0/0/0/0/0,0/0/0/0/15/21/0/0/0/10/0/0/0/0/0/0/0/0/10/0/10/0/0/0/0/0/0/0/0/0/0
Alberto Radius,0/0/0/0/0/0/0/0/0/0/0/0/0/0/0/0/0/0/0/0/0/1/0/0/0/0/0/0/0/0/0,0/0/0/0/0/0/0/0/0/0/0/0/0/0/0/0/0/0/0/0/0/1/0/0/0/0/0/0/0/0/0,0/0/0/0/0/0/0/0/0/0/0/0/0/0/0/0/0/0/0/0/0/4.46/0/0/0/0/0/0/0/0/0,0/0/0/0/0/0/0/0/0/0/0/0/0/0/0/0/0/0/0/0/0/10/0/0/0/0/0/0/0/0/0
The The,0/0/0/0/0/0/0/0/0/0/0/0/0/0/0/0/0/0/0/0/0/1/0/0/0/0/0/0/0/0/0,0/0/0/0/0/0/0/0/0/0/0/0/0/0/0/0/0/0/0/0/0/1/0/0/0/0/0/0/0/0/0,0/0/0/0/0/0/0/0/0/0/0/0/0/0/0/0/0/0/0/0/0/9.58/0/0/0/0/0/0/0/0/0,0/0/0/0/0/0/0/0/0/0/0/0/0/0/0/0/0/0/0/0/0/12/0/0/0/0/0/0/0/0/0
Fairport Convention,1/0/0/0/0/0/0/0/0/0/0/0/0/0/0/0/0/0/0/0/0/0/0/0/0/0/0/0/0/0/0,1/0/0/0/0/0/0/0/0/0/0/0/0/0/0/0/0/0/0/0/0/0/0/0/0/0/0/0/0/0/0,5.17/0/0/0/0/0/0/0/0/0/0/0/0/0/0/0/0/0/0/0/0/0/0/0/0/0/0/0/0/0/0,10/0/0/0/0/0/0/0/0/0/0/0/0/0/0/0/0/0/0/0/0/0/0/0/0/0/0/0/0/0/0
Ultravox,0/0/0/0/0/0/0/0/0/0/0/0/0/0/0/0/0/0/0/0/0/0/1/0/0/0/0/0/0/0/0,0/0/0/0/0/0/0/0/0/0/0/0/0/0/0/0/0/0/0/0/0/0/1/0/0/0/0/0/0/0/0,0/0/0/0/0/0/0/0/0/0/0/0/0/0/0/0/0/0/0/0/0/0/4.41/0/0/0/0/0/0/0/0,0/0/0/0/0/0/0/0/0/0/0/0/0/0/0/0/0/0/0/0/0/0/10/0/0/0/0/0/0/0/0
Jimmy Smith,0/0/0/0/1/2/1/0/0/0/0/0/0/0/0/0/0/0/0/0/1/0/0/0/0/0/0/0/0/0/0,0/0/0/0/1/2/1/0/0/0/0/0/0/0/0/0/0/0/0/0/1/0/0/0/0/0/0/0/0/0/0,0/0/0/0/8.05/11.45/3.4/0/0/0/0/0/0/0/0/0/0/0/0/0/8.05/0/0/0/0/0/0/0/0/0/0,0/0/0/0/11/20/9/0/0/0/0/0/0/0/0/0/0/0/0/0/11/0/0/0/0/0/0/0/0/0/0
Mal Waldron,0/0/0/0/1/1/0/0/0/0/0/0/0/0/0/0/0/0/0/0/1/0/0/0/0/0/0/0/0/0/0,0/0/0/0/1/1/0/0/0/0/0/0/0/0/0/0/0/0/0/0/1/0/0/0/0/0/0/0/0/0/0,0/0/0/0/6.94/6.94/0/0/0/0/0/0/0/0/0/0/0/0/0/0/6.94/0/0/0/0/0/0/0/0/0/0,0/0/0/0/11/11/0/0/0/0/0/0/0/0/0/0/0/0/0/0/11/0/0/0/0/0/0/0/0/0/0
"Emerson, Lake & Palmer",1/0/0/0/0/0/0/0/0/0/0/0/0/0/0/0/0/0/0/0/0/0/0/0/0/0/0/0/0/0/0,1/0/0/0/0/0/0/0/0/0/0/0/0/0/0/0/0/0/0/0/0/0/0/0/0/0/0/0/0/0/0,4.27/0/0/0/0/0/0/0/0/0/0/0/0/0/0/0/0/0/0/0/0/0/0/0/0/0/0/0/0/0/0,10/0/0/0/0/0/0/0/0/0/0/0/0/0/0/0/0/0/0/0/0/0/0/0/0/0/0/0/0/0/0
Kaja,0/0/0/0/0/0/1/0/0/0/0/0/0/0/0/0/0/0/0/8/2/3/0/0/0/0/0/2/0/0/0,0/0/0/0/0/0/1/0/0/0/0/0/0/0/0/0/0/0/0/7/2/3/0/0/0/0/0/2/0/0/0,0/0/0/0/0/0/4.46/0/0/0/0/0/0/0/0/0/0/0/0/36.53/10.93/13.91/0/0/0/0/0/10.73/0/0/0,0/0/0/0/0/0/10/0/0/0/0/0/0/0/0/0/0/0/0/64/19/27/0/0/0/0/0/19/0/0/0
Mezquita,0/0/4/6/0/0/0/1/0/0/0/0/14/0/0/0/0/1/0/0/0/0/0/0/0/0/0/0/0/0/0,0/0/4/6/0/0/0/1/0/0/0/0/14/0/0/0/0/1/0/0/0/0/0/0/0/0/0/0/0/0/0,0/0/22.46/23.45/0/0/0/3.53/0/0/0/0/69.5/0/0/0/0/3.53/0/0/0/0/0/0/0/0/0/0/0/0/0,0/0/37/51/0/0/0/9/0/0/0/0/117/0/0/0/0/9/0/0/0/0/0/0/0/0/0/0/0/0/0
Strawberry Alarm Clock,0/0/0/0/0/1/0/0/0/0/0/0/0/0/0/0/0/0/0/0/0/0/0/0/0/0/0/0/0/0/0,0/0/0/0/0/1/0/0/0/0/0/0/0/0/0/0/0/0/0/0/0/0/0/0/0/0/0/0/0/0/0,0/0/0/0/0/1.9/0/0/0/0/0/0/0/0/0/0/0/0/0/0/0/0/0/0/0/0/0/0/0/0/0,0/0/0/0/0/9/0/0/0/0/0/0/0/0/0/0/0/0/0/0/0/0/0/0/0/0/0/0/0/0/0
Golden Earring,0/1/0/0/0/0/0/0/0/0/0/0/0/0/0/0/0/0/0/0/0/0/0/0/0/0/0/0/0/0/0,0/1/0/0/0/0/0/0/0/0/0/0/0/0/0/0/0/0/0/0/0/0/0/0/0/0/0/0/0/0/0,0/9.27/0/0/0/0/0/0/0/0/0/0/0/0/0/0/0/0/0/0/0/0/0/0/0/0/0/0/0/0/0,0/12/0/0/0/0/0/0/0/0/0/0/0/0/0/0/0/0/0/0/0/0/0/0/0/0/0/0/0/0/0
CAN,0/0/0/0/2/0/0/1/0/0/0/0/0/0/0/0/0/0/1/0/0/0/0/0/0/0/0/0/0/0/0,0/0/0/0/2/0/0/1/0/0/0/0/0/0/0/0/0/0/1/0/0/0/0/0/0/0/0/0/0/0/0,0/0/0/0/15.2/0/0/7.38/0/0/0/0/0/0/0/0/0/0/11.78/0/0/0/0/0/0/0/0/0/0/0/0,0/0/0/0/21/0/0/11/0/0/0/0/0/0/0/0/0/0/13/0/0/0/0/0/0/0/0/0/0/0/0
Le Orme,0/1/1/0/0/1/0/0/0/0/0/1/0/0/0/0/0/0/0/0/0/0/0/0/0/1/0/0/0/0/0,0/1/1/0/0/1/0/0/0/0/0/1/0/0/0/0/0/0/0/0/0/0/0/0/0/1/0/0/0/0/0,0/7.51/7.51/0/0/3.59/0/0/0/0/0/5.48/0/0/0/0/0/0/0/0/0/0/0/0/0/7.51/0/0/0/0/0,0/11/11/0/0/9/0/0/0/0/0/10/0/0/0/0/0/0/0/0/0/0/0/0/0/11/0/0/0/0/0
Aphrodite's Child,0/0/0/0/2/2/1/0/0/0/0/0/0/0/0/1/0/0/0/0/0/0/0/0/0/0/0/0/0/0/0,0/0/0/0/2/2/1/0/0/0/0/0/0/0/0/1/0/0/0/0/0/0/0/0/0/0/0/0/0/0/0,0/0/0/0/10.47/10.47/0.93/0/0/0/0/0/0/0/0/5.89/0/0/0/0/0/0/0/0/0/0/0/0/0/0/0,0/0/0/0/19/19/8/0/0/0/0/0/0/0/0/10/0/0/0/0/0/0/0/0/0/0/0/0/0/0/0
Thelonious Monk,0/0/0/0/0/0/0/0/0/0/0/0/0/0/0/0/0/0/0/0/0/8/0/0/0/0/0/0/0/0/0,0/0/0/0/0/0/0/0/0/0/0/0/0/0/0/0/0/0/0/0/0/8/0/0/0/0/0/0/0/0/0,0/0/0/0/0/0/0/0/0/0/0/0/0/0/0/0/0/0/0/0/0/32.63/0/0/0/0/0/0/0/0/0,0/0/0/0/0/0/0/0/0/0/0/0/0/0/0/0/0/0/0/0/0/67/0/0/0/0/0/0/0/0/0
Miles Davis,0/0/0/1/0/0/0/0/0/0/0/0/0/0/0/0/0/0/0/0/0/1/0/0/0/0/0/0/0/0/0,0/0/0/1/0/0/0/0/0/0/0/0/0/0/0/0/0/0/0/0/0/1/0/0/0/0/0/0/0/0/0,0/0/0/6.34/0/0/0/0/0/0/0/0/0/0/0/0/0/0/0/0/0/5.99/0/0/0/0/0/0/0/0/0,0/0/0/11/0/0/0/0/0/0/0/0/0/0/0/0/0/0/0/0/0/11/0/0/0/0/0/0/0/0/0
Leonard Cohen,0/0/0/0/1/0/0/0/0/0/0/0/0/0/0/0/0/0/0/0/0/0/0/0/0/0/0/0/0/0/0,0/0/0/0/1/0/0/0/0/0/0/0/0/0/0/0/0/0/0/0/0/0/0/0/0/0/0/0/0/0/0,0/0/0/0/3.48/0/0/0/0/0/0/0/0/0/0/0/0/0/0/0/0/0/0/0/0/0/0/0/0/0/0,0/0/0/0/9/0/0/0/0/0/0/0/0/0/0/0/0/0/0/0/0/0/0/0/0/0/0/0/0/0/0
Andre Francis,0/0/0/0/0/0/0/0/0/0/0/0/0/0/1/0/0/0/0/0/0/0/0/0/0/0/0/0/0/0/0,0/0/0/0/0/0/0/0/0/0/0/0/0/0/1/0/0/0/0/0/0/0/0/0/0/0/0/0/0/0/0,0/0/0/0/0/0/0/0/0/0/0/0/0/0/1.23/0/0/0/0/0/0/0/0/0/0/0/0/0/0/0/0,0/0/0/0/0/0/0/0/0/0/0/0/0/0/8/0/0/0/0/0/0/0/0/0/0/0/0/0/0/0/0
Depeche Mode,0/0/0/9/0/0/0/2/0/0/0/0/0/0/0/0/0/0/0/2/2/1/10/12/5/0/2/4/0/2/1,0/0/0/9/0/0/0/2/0/0/0/0/0/0/0/0/0/0/0/2/2/1/9/10/5/0/2/4/0/2/1,0/0/0/42.22/0/0/0/12.33/0/0/0/0/0/0/0/0/0/0/0/17.52/10.69/9.59/50.01/76.23/29.52/0/10.21/30.78/0/9.54/6.34,0/0/0/77/0/0/0/20/0/0/0/0/0/0/0/0/0/0/0/21/19/12/81/97/46/0/19/39/0/19/11
Gentle Giant,0/0/0/0/1/0/0/0/0/0/0/0/0/0/0/0/0/0/0/0/0/0/0/0/0/0/0/0/0/0/0,0/0/0/0/1/0/0/0/0/0/0/0/0/0/0/0/0/0/0/0/0/0/0/0/0/0/0/0/0/0/0,0/0/0/0/3.19/0/0/0/0/0/0/0/0/0/0/0/0/0/0/0/0/0/0/0/0/0/0/0/0/0/0,0/0/0/0/9/0/0/0/0/0/0/0/0/0/0/0/0/0/0/0/0/0/0/0/0/0/0/0/0/0/0
Jerry Garcia Band,0/0/0/0/0/1/1/0/0/0/0/0/0/0/0/0/0/0/0/0/0/0/0/0/0/0/0/0/0/0/0,0/0/0/0/0/1/1/0/0/0/0/0/0/0/0/0/0/0/0/0/0/0/0/0/0/0/0/0/0/0/0,0/0/0/0/0/5.52/5.52/0/0/0/0/0/0/0/0/0/0/0/0/0/0/0/0/0/0/0/0/0/0/0/0,0/0/0/0/0/10/10/0/0/0/0/0/0/0/0/0/0/0/0/0/0/0/0/0/0/0/0/0/0/0/0
Battles,0/0/0/0/0/0/0/0/0/0/0/0/0/0/0/0/0/0/0/0/0/0/0/0/0/0/0/0/1/0/0,0/0/0/0/0/0/0/0/0/0/0/0/0/0/0/0/0/0/0/0/0/0/0/0/0/0/0/0/1/0/0,0/0/0/0/0/0/0/0/0/0/0/0/0/0/0/0/0/0/0/0/0/0/0/0/0/0/0/0/3.92/0/0,0/0/0/0/0/0/0/0/0/0/0/0/0/0/0/0/0/0/0/0/0/0/0/0/0/0/0/0/10/0/0
Area,0/0/2/2/1/0/0/0/0/0/0/0/0/0/0/0/0/0/0/0/0/0/0/0/0/0/0/0/0/0/0,0/0/1/1/1/0/0/0/0/0/0/0/0/0/0/0/0/0/0/0/0/0/0/0/0/0/0/0/0/0/0,0/0/13.28/13.28/4.54/0/0/0/0/0/0/0/0/0/0/0/0/0/0/0/0/0/0/0/0/0/0/0/0/0/0,0/0/16/16/10/0/0/0/0/0/0/0/0/0/0/0/0/0/0/0/0/0/0/0/0/0/0/0/0/0/0
The Stranglers,0/0/0/0/0/1/0/0/0/0/0/0/0/0/0/0/0/0/0/0/0/0/0/0/0/0/0/0/0/0/0,0/0/0/0/0/1/0/0/0/0/0/0/0/0/0/0/0/0/0/0/0/0/0/0/0/0/0/0/0/0/0,0/0/0/0/0/4.12/0/0/0/0/0/0/0/0/0/0/0/0/0/0/0/0/0/0/0/0/0/0/0/0/0,0/0/0/0/0/10/0/0/0/0/0/0/0/0/0/0/0/0/0/0/0/0/0/0/0/0/0/0/0/0/0
Toufic Farroukh,0/0/0/0/0/0/0/0/0/0/0/0/0/0/0/0/0/0/0/0/0/2/0/0/0/0/0/0/0/0/0,0/0/0/0/0/0/0/0/0/0/0/0/0/0/0/0/0/0/0/0/0/2/0/0/0/0/0/0/0/0/0,0/0/0/0/0/0/0/0/0/0/0/0/0/0/0/0/0/0/0/0/0/11.24/0/0/0/0/0/0/0/0/0,0/0/0/0/0/0/0/0/0/0/0/0/0/0/0/0/0/0/0/0/0/19/0/0/0/0/0/0/0/0/0
Focus,0/3/1/0/0/0/0/0/0/0/0/0/0/0/0/0/0/0/0/0/0/0/0/0/0/2/0/0/0/0/0,0/3/1/0/0/0/0/0/0/0/0/0/0/0/0/0/0/0/0/0/0/0/0/0/0/2/0/0/0/0/0,0/16.48/4.06/0/0/0/0/0/0/0/0/0/0/0/0/0/0/0/0/0/0/0/0/0/0/7.21/0/0/0/0/0,0/28/10/0/0/0/0/0/0/0/0/0/0/0/0/0/0/0/0/0/0/0/0/0/0/18/0/0/0/0/0
Tangerine Dream,0/1/0/0/1/3/1/0/0/0/0/0/0/0/0/0/0/0/0/0/0/0/0/0/0/0/0/0/0/0/0,0/1/0/0/1/2/1/0/0/0/0/0/0/0/0/0/0/0/0/0/0/0/0/0/0/0/0/0/0/0/0,0/16.96/0/0/3.18/11.5/3.18/0/0/0/0/0/0/0/0/0/0/0/0/0/0/0/0/0/0/0/0/0/0/0/0,0/14/0/0/9/23/9/0/0/0/0/0/0/0/0/0/0/0/0/0/0/0/0/0/0/0/0/0/0/0/0
Pet Shop Boys,0/0/0/0/0/0/0/0/0/0/0/0/0/0/0/0/0/0/0/0/0/0/4/4/0/1/1/1/0/0/0,0/0/0/0/0/0/0/0/0/0/0/0/0/0/0/0/0/0/0/0/0/0/4/3/0/1/1/1/0/0/0,0/0/0/0/0/0/0/0/0/0/0/0/0/0/0/0/0/0/0/0/0/0/21.26/25.6/0/8.66/4.68/3.6/0/0/0,0/0/0/0/0/0/0/0/0/0/0/0/0/0/0/0/0/0/0/0/0/0/36/34/0/12/10/9/0/0/0
Anouar Brahem,0/0/0/0/0/0/1/0/0/0/0/0/0/0/0/0/0/0/0/0/0/2/0/0/0/0/0/0/0/0/0,0/0/0/0/0/0/1/0/0/0/0/0/0/0/0/0/0/0/0/0/0/2/0/0/0/0/0/0/0/0/0,0/0/0/0/0/0/4.0/0/0/0/0/0/0/0/0/0/0/0/0/0/0/12.85/0/0/0/0/0/0/0/0/0,0/0/0/0/0/0/10/0/0/0/0/0/0/0/0/0/0/0/0/0/0/20/0/0/0/0/0/0/0/0/0
Eric Burdon & the Animals,0/1/0/0/0/0/0/0/0/0/0/0/0/0/0/0/0/0/0/0/0/0/0/0/0/0/0/0/0/0/0,0/1/0/0/0/0/0/0/0/0/0/0/0/0/0/0/0/0/0/0/0/0/0/0/0/0/0/0/0/0/0,0/3.32/0/0/0/0/0/0/0/0/0/0/0/0/0/0/0/0/0/0/0/0/0/0/0/0/0/0/0/0/0,0/9/0/0/0/0/0/0/0/0/0/0/0/0/0/0/0/0/0/0/0/0/0/0/0/0/0/0/0/0/0
Triana,0/1/8/0/1/0/0/0/0/0/0/0/0/0/0/0/0/0/0/0/0/0/0/0/0/1/0/0/0/0/0,0/1/8/0/1/0/0/0/0/0/0/0/0/0/0/0/0/0/0/0/0/0/0/0/0/1/0/0/0/0/0,0/4.39/43.62/0/9.84/0/0/0/0/0/0/0/0/0/0/0/0/0/0/0/0/0/0/0/0/9.84/0/0/0/0/0,0/10/70/0/12/0/0/0/0/0/0/0/0/0/0/0/0/0/0/0/0/0/0/0/0/12/0/0/0/0/0
NEU!,0/5/12/0/0/0/0/0/0/1/0/0/0/0/0/0/0/0/0/0/0/0/0/0/0/0/1/0/0/0/0,0/5/10/0/0/0/0/0/0/1/0/0/0/0/0/0/0/0/0/0/0/0/0/0/0/0/1/0/0/0/0,0/24.25/60.76/0/0/0/0/0/0/10.12/0/0/0/0/0/0/0/0/0/0/0/0/0/0/0/0/10.12/0/0/0/0,0/44/94/0/0/0/0/0/0/12/0/0/0/0/0/0/0/0/0/0/0/0/0/0/0/0/12/0/0/0/0
Yes,5/3/4/2/2/0/0/1/0/2/0/0/15/13/2/17/13/26/0/7/5/0/1/1/0/1/1/0/0/0/15,5/3/4/2/2/0/0/1/0/2/0/0/15/11/2/10/13/25/0/7/5/0/1/1/0/1/1/0/0/0/15,29.08/21.43/25.92/9.06/7.92/0/0/3.93/0/14.44/0/0/99.26/89.39/15.12/87.55/78.9/192.75/0/46.24/24.21/0/5.81/5.26/0/6.58/3.16/0/0/0/75.03,46/30/38/19/18/0/0/10/0/20/0/0/130/106/21/114/112/218/0/64/44/0/10/10/0/11/9/0/0/0/126
Curved Air,0/2/1/1/1/0/0/1/0/0/0/0/0/0/0/0/0/0/1/0/0/0/0/0/0/0/1/0/0/0/0,0/2/1/1/1/0/0/1/0/0/0/0/0/0/0/0/0/0/1/0/0/0/0/0/0/0/1/0/0/0/0,0/11.13/7.51/7.51/7.51/0/0/3.62/0/0/0/0/0/0/0/0/0/0/7.51/0/0/0/0/0/0/0/7.51/0/0/0/0,0/19/11/11/11/0/0/9/0/0/0/0/0/0/0/0/0/0/11/0/0/0/0/0/0/0/11/0/0/0/0
The Beach Boys,0/0/0/0/1/2/0/0/0/0/0/0/0/0/0/0/0/0/0/0/0/0/0/0/0/0/0/0/0/0/0,0/0/0/0/1/2/0/0/0/0/0/0/0/0/0/0/0/0/0/0/0/0/0/0/0/0/0/0/0/0/0,0/0/0/0/2.63/4.79/0/0/0/0/0/0/0/0/0/0/0/0/0/0/0/0/0/0/0/0/0/0/0/0/0,0/0/0/0/9/17/0/0/0/0/0/0/0/0/0/0/0/0/0/0/0/0/0/0/0/0/0/0/0/0/0
Irmin Schmidt,0/0/0/0/1/1/0/0/1/0/0/0/0/0/0/0/0/0/0/0/1/0/0/0/0/0/0/0/0/0/0,0/0/0/0/1/1/0/0/1/0/0/0/0/0/0/0/0/0/0/0/1/0/0/0/0/0/0/0/0/0/0,0/0/0/0/3.49/3.49/0/0/3.49/0/0/0/0/0/0/0/0/0/0/0/3.49/0/0/0/0/0/0/0/0/0/0,0/0/0/0/9/9/0/0/9/0/0/0/0/0/0/0/0/0/0/0/9/0/0/0/0/0/0/0/0/0/0
Creedence Clearwater Revival,0/0/0/0/2/1/0/1/0/0/0/0/0/0/0/0/0/0/0/0/0/0/0/0/0/0/0/0/0/0/0,0/0/0/0/1/1/0/1/0/0/0/0/0/0/0/0/0/0/0/0/0/0/0/0/0/0/0/0/0/0/0,0/0/0/0/6.16/2.95/0/3.08/0/0/0/0/0/0/0/0/0/0/0/0/0/0/0/0/0/0/0/0/0/0/0,0/0/0/0/14/9/0/9/0/0/0/0/0/0/0/0/0/0/0/0/0/0/0/0/0/0/0/0/0/0/0
Locanda delle fate,0/0/0/0/0/1/0/0/0/0/0/0/0/0/0/0/0/0/0/0/0/0/0/0/0/0/0/0/0/0/0,0/0/0/0/0/1/0/0/0/0/0/0/0/0/0/0/0/0/0/0/0/0/0/0/0/0/0/0/0/0/0,0/0/0/0/0/9.86/0/0/0/0/0/0/0/0/0/0/0/0/0/0/0/0/0/0/0/0/0/0/0/0/0,0/0/0/0/0/12/0/0/0/0/0/0/0/0/0/0/0/0/0/0/0/0/0/0/0/0/0/0/0/0/0
